{
  "t1": {
    "mean_dice": 0.6319325542694327,
    "per_class": [
      0.5770421122872389,
      0.6989192969828588,
      0.6221528097116112
    ]
  },
  "t1ce": {
    "mean_dice": 0.7691322365213954,
    "per_class": [
      0.7557378883302527,
      0.7137758751355466,
      0.8548770717683258
    ]
  },
  "t2": {
    "mean_dice": 0.6229838719271202,
    "per_class": [
      0.5501772713376957,
      0.7381982198921303,
      0.582324138969141
    ]
  },
  "flair": {
    "mean_dice": 0.607578306680634,
    "per_class": [
      0.4878015507910884,
      0.7646485237532823,
      0.5645394139287206
    ]
  },
  "ensemble_equal": {
    "mean_dice": 0.730794967640014,
    "per_class": [
      0.6691161439674673,
      0.7948962364483763,
      0.7309618354555824
    ]
  },
  "ensemble_weighted": {
    "mean_dice": 0.7432954583376173,
    "per_class": [
      0.6851838691061815,
      0.7995289380036333,
      0.7481515392517682
    ]
  }
}