{
  "t1": {
    "mean_dice": 0.6319356026212655,
    "per_class": [
      0.5770443602971631,
      0.6989201319997805,
      0.6221583861566186
    ]
  },
  "t1ce": {
    "mean_dice": 0.7691294639593079,
    "per_class": [
      0.7557328648335455,
      0.7137735275522111,
      0.8548733285325429
    ]
  },
  "t2": {
    "mean_dice": 0.6229816554385242,
    "per_class": [
      0.5501732327649088,
      0.7381969625967993,
      0.5823229450111024
    ]
  },
  "flair": {
    "mean_dice": 0.6075780455555234,
    "per_class": [
      0.48780649393097253,
      0.7646483957925171,
      0.564533443701854
    ]
  },
  "ensemble_equal": {
    "mean_dice": 0.7307977096113578,
    "per_class": [
      0.6691226504704177,
      0.7948965917109813,
      0.7309632229559769
    ]
  },
  "ensemble_weighted": {
    "mean_dice": 0.7432986211682123,
    "per_class": [
      0.6851898116338896,
      0.7995307442766649,
      0.7481529282042243
    ]
  }
}