{
  "single_models": "Skipped. Already evaluated separately.",
  "ensembles": {
    "equal": {
      "weights": [
        [
          0.20000000298023224,
          0.20000000298023224,
          0.20000000298023224,
          0.20000000298023224
        ],
        [
          0.20000000298023224,
          0.20000000298023224,
          0.20000000298023224,
          0.20000000298023224
        ],
        [
          0.20000000298023224,
          0.20000000298023224,
          0.20000000298023224,
          0.20000000298023224
        ],
        [
          0.20000000298023224,
          0.20000000298023224,
          0.20000000298023224,
          0.20000000298023224
        ],
        [
          0.20000000298023224,
          0.20000000298023224,
          0.20000000298023224,
          0.20000000298023224
        ]
      ],
      "metrics": {
        "classwise": {
          "dice": [
            0.7722283180173288,
            0.8463570854217602,
            0.8641606895598285
          ],
          "iou": [
            0.7159878988271683,
            0.760568699195843,
            0.8112280100256533
          ],
          "hd95": [
            5.724881983874889,
            6.3575894719078425,
            3.9757638221287595
          ],
          "sensitivity": [
            0.7709404233669983,
            0.8498359676419693,
            0.8958452029892576
          ],
          "specificity": [
            0.9998125191088076,
            0.9989923216678478,
            0.9996759566680464
          ]
        },
        "regions": {
          "dice": [
            0.9192832003707293,
            0.9012073244721214,
            0.8641606895598285
          ],
          "iou": [
            0.8653553219526888,
            0.8488501157531495,
            0.8112280100256533
          ],
          "hd95": [
            6.374834786647211,
            4.628715330845601,
            3.9757638221287595
          ],
          "sensitivity": [
            0.906906598229725,
            0.8997471270704177,
            0.8958452029892576
          ],
          "specificity": [
            0.9993118870825994,
            0.9997229759024564,
            0.9996759566680464
          ]
        }
      }
    },
    "global_region_weighted": {
      "weights": [
        [
          0.20000000298023224,
          0.2004290372133255,
          0.2004290372133255,
          0.2004290372133255
        ],
        [
          0.20000000298023224,
          0.20311138033866882,
          0.20311138033866882,
          0.20311138033866882
        ],
        [
          0.20000000298023224,
          0.2033035010099411,
          0.2033035010099411,
          0.2033035010099411
        ],
        [
          0.20000000298023224,
          0.19646446406841278,
          0.19646446406841278,
          0.19646446406841278
        ],
        [
          0.20000000298023224,
          0.1966916024684906,
          0.1966916024684906,
          0.1966916024684906
        ]
      ],
      "metrics": {
        "classwise": {
          "dice": [
            0.7723844699279409,
            0.8464824914841089,
            0.8641906456205793
          ],
          "iou": [
            0.7161233942347786,
            0.7607293060725733,
            0.8113727818478594
          ],
          "hd95": [
            5.7263542628020385,
            6.357370372802492,
            3.9763007809444026
          ],
          "sensitivity": [
            0.7711185627392096,
            0.8501341377979972,
            0.8956020799006935
          ],
          "specificity": [
            0.9998123522788759,
            0.9989914585042883,
            0.9996768318156086
          ]
        },
        "regions": {
          "dice": [
            0.919353840368795,
            0.901309116587479,
            0.8641906456205793
          ],
          "iou": [
            0.8654610746196427,
            0.8489803886842183,
            0.8113727818478594
          ],
          "hd95": [
            6.376048925061705,
            4.632401294966002,
            3.9763007809444026
          ],
          "sensitivity": [
            0.90707880770726,
            0.8997041791098609,
            0.8956020799006935
          ],
          "specificity": [
            0.9993111052841106,
            0.9997236870584034,
            0.9996768318156086
          ]
        }
      }
    },
    "classwise_weighted": {
      "weights": [
        [
          0.20000000298023224,
          0.199750155210495,
          0.20166780054569244,
          0.199886292219162
        ],
        [
          0.20000000298023224,
          0.20489999651908875,
          0.20204392075538635,
          0.20371387898921967
        ],
        [
          0.20000000298023224,
          0.20654749870300293,
          0.20380884408950806,
          0.20379863679409027
        ],
        [
          0.20000000298023224,
          0.18804819881916046,
          0.19461816549301147,
          0.1962932050228119
        ],
        [
          0.20000000298023224,
          0.20075416564941406,
          0.19786126911640167,
          0.1963079869747162
        ]
      ],
      "metrics": {
        "classwise": {
          "dice": [
            0.7724053736815418,
            0.846490910324815,
            0.8641246888351186
          ],
          "iou": [
            0.7160967796821044,
            0.7607442686123596,
            0.8113329255400779
          ],
          "hd95": [
            5.728396356775519,
            6.357366136772923,
            3.976263419040659
          ],
          "sensitivity": [
            0.7712715632497142,
            0.8501577610661222,
            0.8954554925111824
          ],
          "specificity": [
            0.9998122810055969,
            0.998991315011625,
            0.9996771323617804
          ]
        },
        "regions": {
          "dice": [
            0.9193574985644469,
            0.9013204472982631,
            0.8641246888351186
          ],
          "iou": [
            0.8654705021270457,
            0.8489996967436646,
            0.8113329255400779
          ],
          "hd95": [
            6.375992915617726,
            4.631535763353915,
            3.976263419040659
          ],
          "sensitivity": [
            0.9070882661207752,
            0.8997088302349406,
            0.8954554925111824
          ],
          "specificity": [
            0.9993110983460037,
            0.9997239450298289,
            0.9996771323617804
          ]
        }
      }
    }
  }
}