{
  "modality": "t1ce",
  "best_epoch": 34,
  "best_val_dice": 0.7760240210887582,
  "best_val_pc": [
    0.7462994706592798,
    0.718262543928073,
    0.8681592426198257
  ]
}